Player,pcode,Team,Position,PA,HR,wOBA,ISO,BB%,K%,AB,1B,2B,3B,BB,HBP,SO,wRC+,wRAA,WAR
오스틴,53123,LG,지명타자,391,28,0.462,0.322,11.0,15.3,339,66,19,3,43,6,60,195.4,44.76,4.51
김도영,52605,KIA,지명타자,380,27,0.431,0.311,12.9,16.3,322,52,17,1,49,5,62,172.8,33.2,3.35
페라자,54730,한화,지명타자,378,17,0.418,0.239,14.6,19.8,314,59,22,1,55,3,75,163.5,28.8,2.91
강백호,68050,한화,지명타자,357,25,0.422,0.296,10.4,20.2,314,55,18,0,37,1,72,166.4,28.46,2.88
최정,75847,SSG,지명타자,307,20,0.429,0.306,12.1,22.5,258,41,17,1,37,6,69,171.3,26.28,2.65
최원준,66606,KT,지명타자,387,7,0.406,0.142,11.1,14.7,330,87,20,3,43,7,57,155.0,25.54,2.59
레이예스,54529,롯데,지명타자,378,12,0.401,0.168,8.7,10.6,340,86,19,1,33,2,40,151.6,23.43,2.37
최형우,72443,삼성,지명타자,359,12,0.401,0.175,14.8,14.2,297,67,16,0,53,3,51,151.3,22.08,2.24
구자욱,62404,삼성,지명타자,299,8,0.408,0.176,12.0,15.1,256,61,15,3,36,3,45,156.5,20.27,2.05
나성범,62947,KIA,지명타자,338,17,0.395,0.237,10.7,26.3,295,51,19,0,36,5,89,147.4,19.22,1.95
박민우,62907,NC,지명타자,339,5,0.394,0.121,13.9,11.5,282,70,19,0,47,6,39,146.6,18.95,1.92
박준순,55252,두산,지명타자,247,13,0.416,0.257,4.9,19.8,230,49,10,5,12,4,49,162.6,18.56,1.88
박성한,67893,SSG,지명타자,386,3,0.383,0.098,14.5,11.9,327,83,21,1,56,1,46,138.3,17.76,1.81
디아즈,54400,삼성,지명타자,395,16,0.379,0.199,12.4,15.7,342,63,20,0,49,1,62,135.3,16.72,1.71
송찬의,68110,LG,지명타자,224,9,0.41,0.251,9.8,24.1,191,28,19,1,22,10,54,158.3,15.67,1.59
한준수,68646,KIA,지명타자,264,6,0.395,0.162,13.6,14.0,216,46,17,0,36,6,37,147.1,14.92,1.51
박승규,69418,삼성,지명타자,262,9,0.394,0.217,15.3,14.1,217,38,10,5,40,3,37,146.5,14.62,1.48
힐리어드,56034,KT,지명타자,384,20,0.372,0.233,9.4,27.9,344,60,14,3,36,0,107,130.5,14.04,1.44
안현민,52001,KT,지명타자,160,5,0.431,0.218,16.2,20.0,124,24,8,2,26,8,32,173.2,14.05,1.42
박건우,79215,NC,지명타자,331,16,0.374,0.211,12.4,17.8,280,53,11,0,41,1,59,131.8,12.61,1.29
김주원,51907,NC,지명타자,380,13,0.367,0.165,7.6,13.9,334,70,16,0,29,13,53,126.5,12.06,1.24
문현빈,53764,한화,지명타자,387,9,0.36,0.173,10.9,12.4,335,58,23,4,42,6,48,122.1,10.25,1.06
허인서,52764,한화,지명타자,256,13,0.376,0.21,8.2,28.9,224,45,8,0,21,6,74,133.5,10.29,1.05
류지혁,62234,삼성,지명타자,335,5,0.363,0.132,12.2,14.3,281,62,12,5,41,6,48,123.9,9.62,0.99
문정빈,52121,LG,지명타자,94,7,0.445,0.361,10.6,28.7,83,12,5,2,10,0,27,183.6,9.43,0.95
노시환,69737,한화,지명타자,357,17,0.359,0.214,9.2,26.9,313,51,14,1,33,7,96,121.3,9.11,0.94
에레디아,53827,SSG,지명타자,375,15,0.357,0.181,5.9,15.7,342,68,17,0,22,7,59,119.4,8.75,0.91
김민석,53554,두산,지명타자,302,4,0.359,0.117,10.6,17.2,266,61,15,2,32,2,52,121.2,7.67,0.79
카메론,56251,두산,지명타자,320,9,0.357,0.187,10.0,16.9,283,46,20,3,32,3,54,119.8,7.59,0.79
이우성,63260,NC,지명타자,309,6,0.358,0.115,5.8,14.9,288,74,15,0,18,1,46,120.3,7.54,0.78
데이비슨,54944,NC,지명타자,287,9,0.359,0.164,5.9,23.7,250,48,12,1,17,18,68,121.3,7.34,0.76
허경민,79240,KT,지명타자,201,3,0.368,0.109,8.5,8.5,174,42,10,0,17,8,17,127.1,6.55,0.67
고명준,51868,SSG,지명타자,163,10,0.368,0.243,6.1,21.5,152,26,7,0,10,0,35,127.3,5.33,0.55
권동진,51003,KT,지명타자,162,1,0.364,0.149,13.6,23.5,134,24,11,3,22,2,38,124.3,4.73,0.49
김태연,66704,한화,지명타자,263,6,0.35,0.158,8.4,16.7,222,46,13,2,22,5,44,114.5,4.58,0.48
아데를린,56613,KIA,지명타자,130,10,0.369,0.289,5.4,19.2,121,17,5,0,7,1,25,128.6,4.46,0.46
이재현,52415,삼성,지명타자,149,9,0.364,0.242,12.8,13.4,124,19,3,0,19,2,20,124.3,4.34,0.45
이정훈,67644,KT,지명타자,73,1,0.398,0.068,17.8,9.6,59,18,1,0,13,1,7,149.5,4.34,0.44
안치홍,79608,키움,지명타자,319,7,0.345,0.12,10.0,14.4,283,62,13,0,32,2,46,110.5,4.02,0.43
장성우,78548,KT,지명타자,213,8,0.352,0.198,17.8,24.4,172,20,10,0,38,2,52,115.9,4.05,0.42
카스트로,56626,KIA,지명타자,183,6,0.351,0.175,4.9,17.5,171,34,12,0,9,0,32,115.5,3.4,0.36
김성윤,67449,삼성,지명타자,273,2,0.343,0.088,8.8,11.0,238,61,11,2,24,2,30,109.5,3.13,0.34
윤동희,52591,롯데,지명타자,197,5,0.346,0.161,12.7,23.9,168,25,12,0,25,4,47,111.4,2.7,0.29
박동원,79365,LG,지명타자,280,9,0.34,0.17,13.6,24.3,229,36,12,0,38,4,68,107.4,2.49,0.27
박상준,52634,KIA,지명타자,81,2,0.366,0.13,13.6,30.9,69,15,3,0,11,1,25,126.3,2.55,0.26
한동희,68525,롯데,지명타자,204,7,0.344,0.159,7.8,17.2,182,36,8,0,16,3,35,109.8,2.41,0.26
김성욱,62934,SSG,지명타자,141,4,0.349,0.137,13.5,19.1,117,23,4,0,19,3,27,113.8,2.33,0.25
문보경,69102,LG,지명타자,246,7,0.341,0.134,15.9,18.7,201,38,6,0,39,1,46,107.6,2.24,0.24
강민호,74540,삼성,지명타자,204,6,0.341,0.152,11.3,22.1,178,31,9,0,23,3,45,108.2,2.02,0.22
유준규,51013,KT,지명타자,53,0,0.372,0.136,11.3,24.5,44,11,2,2,6,0,13,130.3,1.93,0.2
박찬형,55530,롯데,지명타자,26,1,0.417,0.12,0.0,30.8,25,9,0,0,0,1,8,162.7,1.96,0.2
고준휘,56949,NC,지명타자,45,2,0.379,0.22,4.4,20.0,41,7,3,0,2,2,9,135.6,1.92,0.2
권희동,63963,NC,지명타자,143,3,0.344,0.117,14.7,17.5,120,24,5,0,21,1,25,110.3,1.76,0.19
최준우,68868,SSG,지명타자,48,1,0.375,0.128,16.7,14.6,39,8,2,0,8,1,7,132.6,1.88,0.19
서건창,78168,키움,지명타자,237,1,0.337,0.08,11.0,9.3,200,47,7,3,26,6,22,105.3,1.49,0.17
김현수,76290,KT,지명타자,380,6,0.333,0.116,8.2,11.1,346,72,22,0,31,1,42,102.5,1.14,0.15
전의산,50820,SSG,지명타자,106,4,0.344,0.188,8.5,30.2,96,16,6,0,9,0,32,110.2,1.29,0.14
김현준,51417,삼성,지명타자,21,0,0.405,0.059,14.3,9.5,17,5,1,0,3,1,2,154.5,1.37,0.14
히우라,56305,키움,지명타자,149,6,0.34,0.169,10.1,33.6,130,23,4,0,15,3,50,107.2,1.29,0.14
김지찬,50458,삼성,지명타자,335,0,0.334,0.036,13.1,6.9,277,77,6,2,44,3,23,102.9,1.17,0.14
이주형,50167,키움,지명타자,120,2,0.341,0.17,8.3,19.2,106,15,10,1,10,3,23,108.0,1.15,0.13
김휘집,51344,NC,지명타자,127,4,0.341,0.152,10.2,17.3,105,17,4,0,13,8,22,108.1,1.24,0.13
박정우,67609,KIA,지명타자,56,0,0.354,0.022,14.3,10.7,45,13,1,0,8,2,6,117.0,1.15,0.12
여동욱,55393,키움,지명타자,81,3,0.344,0.154,13.6,30.9,65,11,1,0,11,4,25,109.8,0.95,0.1
김도환,69442,삼성,지명타자,87,1,0.34,0.1,11.5,23.0,70,15,4,0,10,3,20,107.3,0.76,0.08
한승연,52628,KIA,지명타자,36,1,0.353,0.138,13.9,30.6,29,5,1,0,5,2,11,116.7,0.72,0.08
강승호,63123,두산,지명타자,176,6,0.334,0.194,5.1,25.0,155,23,12,0,9,6,44,103.1,0.65,0.08
블레인,56950,NC,지명타자,22,0,0.368,0.0,18.2,13.6,17,6,0,0,4,0,3,127.6,0.73,0.07
김동현,55502,롯데,지명타자,41,2,0.345,0.25,9.8,19.5,36,4,1,1,4,1,8,110.6,0.52,0.06
오선우,69636,KIA,지명타자,75,3,0.338,0.209,9.3,26.7,67,8,5,0,7,1,20,105.5,0.49,0.06
양의지,76232,두산,지명타자,339,11,0.331,0.157,8.0,11.2,287,49,12,0,27,16,38,100.5,0.19,0.05
박정현,50709,한화,지명타자,25,2,0.345,0.304,8.0,24.0,23,2,1,0,2,0,6,111.0,0.33,0.04
오장한,51991,NC,지명타자,40,1,0.339,0.125,0.0,37.5,40,10,2,0,0,0,15,106.1,0.29,0.03
안상현,66864,SSG,지명타자,126,1,0.332,0.075,11.1,20.6,107,25,5,0,14,2,26,101.2,0.19,0.03
신윤후,69508,롯데,지명타자,32,2,0.337,0.267,6.2,31.2,30,3,2,0,2,0,10,105.2,0.2,0.02
박건우,55509,롯데,지명타자,14,0,0.345,0.071,0.0,35.7,14,4,1,0,0,0,5,110.8,0.18,0.02
조대현,68089,KT,지명타자,20,1,0.326,0.222,10.0,25.0,18,2,1,0,2,0,5,97.4,-0.06,-0.0
최인호,50707,한화,지명타자,57,1,0.329,0.125,10.5,12.3,48,9,3,0,6,1,7,99.6,-0.03,0.0
김동혁,52504,롯데,지명타자,15,0,0.316,0.0,20.0,20.0,11,3,0,0,3,0,3,89.8,-0.18,-0.02
김형준,68912,NC,지명타자,239,10,0.328,0.178,8.8,30.5,208,36,5,1,21,4,73,98.5,-0.44,-0.02
최윤석,55894,SSG,지명타자,12,0,0.297,0.1,8.3,16.7,10,1,1,0,1,1,2,76.4,-0.34,-0.03
홍창기,66108,LG,지명타자,341,0,0.328,0.055,15.5,22.6,274,57,11,2,53,10,77,98.2,-0.73,-0.04
천재환,67905,NC,지명타자,138,3,0.326,0.149,5.8,17.4,121,23,7,1,8,3,24,96.9,-0.51,-0.04
유강남,61102,롯데,지명타자,116,6,0.324,0.209,3.4,24.1,110,17,5,0,4,1,28,95.5,-0.63,-0.05
이창진,64560,KIA,지명타자,12,0,0.28,0.0,8.3,25.0,11,3,0,0,1,0,3,63.7,-0.52,-0.05
안재석,51203,두산,지명타자,225,4,0.326,0.149,8.0,18.7,202,33,14,2,18,3,42,97.1,-0.77,-0.06
김호령,65653,KIA,지명타자,376,11,0.327,0.171,5.6,26.3,340,59,23,1,21,3,99,98.1,-0.88,-0.06
이형종,78135,키움,지명타자,142,4,0.324,0.143,12.7,27.5,119,18,5,0,18,4,39,95.9,-0.69,-0.06
김건희,53312,키움,지명타자,273,6,0.326,0.125,9.9,26.4,240,47,12,0,27,1,72,97.1,-0.94,-0.07
홍대인,55897,SSG,지명타자,37,0,0.308,0.121,10.8,16.2,33,4,4,0,4,0,6,84.1,-0.71,-0.07
류현인,53036,KT,지명타자,138,0,0.322,0.072,8.7,18.8,125,27,9,0,12,1,26,94.3,-0.94,-0.08
변우혁,69727,KIA,지명타자,57,3,0.313,0.208,5.3,22.8,53,7,2,0,3,1,13,87.9,-0.83,-0.08
최항,62884,롯데,지명타자,13,0,0.245,0.0,7.7,30.8,11,2,0,0,1,1,4,38.7,-0.96,-0.09
심재훈,55438,삼성,지명타자,37,0,0.302,0.03,8.1,18.9,33,8,1,0,3,1,7,79.8,-0.9,-0.09
김재상,53400,삼성,지명타자,16,0,0.266,0.0,6.2,25.0,14,4,0,0,1,0,4,53.3,-0.9,-0.09
윤준호,53296,두산,지명타자,129,4,0.321,0.148,7.8,21.7,108,22,4,0,10,2,28,93.4,-1.02,-0.09
김한별,50902,NC,지명타자,115,0,0.319,0.065,13.0,18.3,93,17,6,0,15,5,21,92.1,-1.09,-0.1
김세민,52514,롯데,지명타자,40,1,0.301,0.182,12.5,17.5,33,3,3,0,5,0,7,78.8,-1.02,-0.1
황영묵,54795,한화,지명타자,102,0,0.318,0.084,12.7,16.7,83,15,5,1,13,3,17,91.4,-1.06,-0.1
김태진,64984,키움,지명타자,19,0,0.26,0.0,10.5,21.1,17,4,0,0,2,0,4,49.2,-1.16,-0.11
추재현,68362,키움,지명타자,90,2,0.315,0.098,7.8,14.4,82,18,2,0,7,1,13,88.8,-1.21,-0.11
이정범,67807,SSG,지명타자,13,0,0.235,0.077,0.0,30.8,13,2,1,0,0,0,4,30.8,-1.08,-0.11
주효상,66354,KIA,지명타자,17,0,0.25,0.0,5.9,23.5,16,4,0,0,1,0,4,42.0,-1.18,-0.12
김민규,56637,KIA,지명타자,34,0,0.289,0.091,2.9,35.3,33,6,3,0,1,0,12,70.6,-1.2,-0.12
류효승,50868,SSG,지명타자,18,1,0.254,0.176,5.6,16.7,17,2,0,0,1,0,3,44.8,-1.19,-0.12
신범수,66662,SSG,지명타자,18,1,0.254,0.176,5.6,33.3,17,2,0,0,1,0,6,44.8,-1.19,-0.12
이해승,69416,삼성,지명타자,22,2,0.263,0.3,4.5,31.8,20,1,0,0,1,0,7,51.2,-1.29,-0.13
김동헌,53344,키움,지명타자,62,1,0.302,0.158,4.8,22.6,57,7,6,0,3,1,14,79.9,-1.5,-0.14
채현우,69804,SSG,지명타자,47,1,0.292,0.136,2.1,25.5,44,8,3,0,1,0,12,72.4,-1.56,-0.15
조세진,52516,롯데,지명타자,26,1,0.265,0.208,7.7,30.8,24,2,0,1,2,0,8,52.6,-1.48,-0.15
김정민,53865,SSG,지명타자,10,0,0.158,0.0,10.0,30.0,9,1,0,0,1,0,3,0.0,-1.5,-0.15
김상수,79402,KT,지명타자,305,0,0.323,0.04,12.1,11.5,253,64,8,1,37,6,35,95.1,-1.8,-0.15
신재인,56909,NC,지명타자,103,3,0.311,0.151,16.5,16.5,86,10,4,0,17,0,17,86.0,-1.73,-0.16
이성규,66409,삼성,지명타자,21,0,0.24,0.0,28.6,33.3,13,1,0,0,6,0,7,34.4,-1.65,-0.16
류승민,53404,두산,지명타자,80,0,0.305,0.059,11.2,21.2,68,15,2,1,9,1,17,82.2,-1.71,-0.16
문성주,68119,LG,지명타자,204,1,0.319,0.072,8.8,12.3,180,41,10,0,18,2,25,92.3,-1.9,-0.17
주성원,69332,키움,지명타자,20,0,0.229,0.0,15.0,30.0,16,2,0,0,3,1,6,26.4,-1.77,-0.17
박해민,62415,LG,지명타자,351,4,0.324,0.088,8.0,12.8,296,70,14,0,28,8,45,95.3,-1.99,-0.17
고승민,69517,롯데,지명타자,243,6,0.321,0.14,7.4,18.1,222,43,9,2,18,0,44,93.3,-1.95,-0.17
임종성,54236,두산,지명타자,18,1,0.216,0.167,0.0,33.3,18,2,0,0,0,0,6,17.0,-1.79,-0.18
송지후,54394,키움,지명타자,35,0,0.269,0.033,8.6,22.9,30,6,1,0,3,1,8,55.5,-1.87,-0.18
전태현,55397,키움,지명타자,16,0,0.191,0.062,0.0,31.2,16,2,1,0,0,0,5,0.0,-1.94,-0.19
박채울,54303,키움,지명타자,12,0,0.148,0.0,0.0,33.3,11,2,0,0,0,0,4,0.0,-1.9,-0.19
홍성호,66233,두산,지명타자,12,0,0.148,0.0,0.0,50.0,12,2,0,0,0,0,6,0.0,-1.9,-0.19
김현종,54166,LG,지명타자,12,0,0.148,0.0,0.0,33.3,12,2,0,0,0,0,4,0.0,-1.9,-0.19
강현우,50066,KT,지명타자,23,0,0.236,0.0,17.4,26.1,19,3,0,0,4,0,6,31.9,-1.88,-0.19
김재현,62332,키움,지명타자,12,0,0.134,0.0,0.0,50.0,11,1,0,0,0,1,6,0.0,-2.04,-0.2
김재환,78224,SSG,지명타자,308,13,0.322,0.174,14.9,28.6,258,34,6,0,46,3,88,93.9,-2.24,-0.2
김민혁,64004,KT,지명타자,253,1,0.32,0.035,6.7,14.2,227,65,5,0,17,4,36,92.6,-2.25,-0.2
김인태,63257,두산,지명타자,56,1,0.289,0.122,7.1,30.4,49,6,3,0,4,3,17,70.1,-2.01,-0.2
유민,52765,한화,지명타자,29,0,0.251,0.0,6.9,41.4,25,5,0,0,2,2,12,42.5,-2.0,-0.2
최원영,52103,LG,지명타자,20,0,0.216,0.111,0.0,20.0,18,2,2,0,0,0,4,17.4,-1.98,-0.2
원성준,54307,키움,지명타자,24,0,0.235,0.0,12.5,20.8,20,4,0,0,3,0,5,30.8,-1.99,-0.2
김민준,53893,SSG,지명타자,10,0,0.089,0.0,0.0,30.0,10,1,0,0,0,0,3,0.0,-2.1,-0.21
안중열,64022,NC,지명타자,98,1,0.304,0.108,9.2,21.4,83,14,6,0,9,2,21,81.4,-2.19,-0.21
양현종,55370,키움,지명타자,49,2,0.281,0.186,10.2,40.8,43,4,2,0,5,0,20,64.2,-2.11,-0.21
이호연,68504,KIA,지명타자,19,0,0.204,0.0,10.5,36.8,16,2,0,0,2,1,7,8.8,-2.08,-0.21
오명진,50208,두산,지명타자,126,2,0.309,0.13,11.9,18.3,108,17,6,1,15,0,23,84.7,-2.32,-0.22
정수빈,79231,두산,지명타자,348,6,0.321,0.116,10.1,14.4,302,61,9,4,35,4,50,93.7,-2.63,-0.23
박찬호,64646,두산,지명타자,377,4,0.322,0.103,9.5,13.3,329,68,18,2,36,2,50,94.0,-2.72,-0.24
홍현빈,67005,삼성,지명타자,11,0,0.081,0.0,0.0,36.4,11,1,0,0,0,0,4,0.0,-2.38,-0.24
오영수,68904,NC,지명타자,60,2,0.282,0.115,10.0,28.3,52,8,0,0,6,2,17,64.9,-2.52,-0.25
조수행,66209,두산,지명타자,84,0,0.295,0.058,9.5,8.3,69,17,2,1,8,0,7,74.9,-2.53,-0.25
오윤석,64504,KT,지명타자,148,1,0.309,0.067,7.4,23.6,135,32,6,0,11,0,35,85.0,-2.66,-0.25
임병욱,64346,키움,지명타자,183,6,0.313,0.181,5.5,33.3,166,22,12,0,10,4,61,87.3,-2.78,-0.26
고종욱,61353,KIA,지명타자,26,0,0.21,0.0,11.5,19.2,21,3,0,0,3,1,5,13.0,-2.71,-0.27
이주헌,52154,LG,지명타자,88,4,0.294,0.159,2.3,28.4,82,15,1,0,2,2,25,73.6,-2.79,-0.27
오태양,51996,NC,지명타자,16,0,0.129,0.0,18.8,37.5,12,0,0,0,3,0,6,0.0,-2.79,-0.28
이재원,68106,LG,지명타자,84,2,0.291,0.153,9.5,34.5,72,7,5,0,8,3,29,71.8,-2.84,-0.28
채은성,79192,한화,지명타자,127,2,0.302,0.098,7.1,17.3,112,21,5,0,9,4,22,79.5,-3.12,-0.3
배정대,64166,KT,지명타자,103,0,0.295,0.116,4.9,26.2,95,15,7,2,5,2,27,74.5,-3.15,-0.31
김헌곤,61404,삼성,지명타자,82,0,0.286,0.039,4.9,14.6,77,20,1,1,4,0,12,68.1,-3.14,-0.31
김민성,77564,롯데,지명타자,45,1,0.25,0.1,11.1,13.3,40,5,1,0,5,0,6,42.3,-3.11,-0.31
염승원,55339,키움,지명타자,14,0,0.064,0.0,0.0,35.7,13,1,0,0,0,0,5,0.0,-3.24,-0.32
한태양,52568,롯데,지명타자,125,0,0.3,0.063,9.6,20.8,111,23,5,1,12,1,26,77.9,-3.32,-0.32
전병우,65586,삼성,지명타자,291,5,0.317,0.121,11.0,26.5,240,34,14,0,32,16,77,90.3,-3.39,-0.32
장진혁,66706,KT,지명타자,26,0,0.182,0.0,11.5,38.5,23,3,0,0,3,0,10,0.0,-3.34,-0.33
박시원,50996,NC,지명타자,77,1,0.281,0.106,10.4,26.0,66,10,4,0,8,0,20,64.1,-3.32,-0.33
박재현,55636,KIA,지명타자,335,8,0.318,0.133,6.0,18.8,308,64,11,3,20,0,63,91.0,-3.63,-0.34
김웅빈,65898,키움,지명타자,156,3,0.304,0.115,9.0,23.1,139,24,5,1,14,3,36,81.2,-3.51,-0.34
함수호,55440,삼성,지명타자,24,0,0.16,0.0,12.5,29.2,21,2,0,0,3,0,7,0.0,-3.54,-0.35
김민식,62864,SSG,지명타자,32,0,0.2,0.032,3.1,15.6,31,5,1,0,1,0,5,6.0,-3.61,-0.36
김기연,66112,두산,지명타자,45,0,0.238,0.024,2.2,11.1,41,9,1,0,1,1,5,33.0,-3.62,-0.36
정현창,55926,KIA,지명타자,60,1,0.26,0.111,5.0,38.3,54,8,1,1,3,2,23,49.5,-3.64,-0.36
손호영,50150,롯데,지명타자,176,4,0.304,0.139,7.4,17.6,158,24,10,0,13,3,31,81.5,-3.91,-0.38
노진혁,62931,롯데,지명타자,182,5,0.305,0.159,10.4,18.1,157,20,10,0,19,2,33,82.0,-3.93,-0.38
박성빈,53305,키움,지명타자,24,0,0.141,0.0,0.0,33.3,23,3,0,0,0,1,8,0.0,-3.94,-0.39
김태군,78122,KIA,지명타자,121,2,0.292,0.102,5.8,14.9,108,20,5,0,7,3,18,72.5,-4.0,-0.39
오태곤,60558,SSG,지명타자,224,10,0.308,0.181,7.1,28.1,204,30,7,0,16,2,63,84.3,-4.23,-0.4
최정원,69992,NC,지명타자,151,0,0.299,0.039,6.6,17.2,129,32,3,1,10,6,26,77.4,-4.09,-0.4
박계범,64468,삼성,지명타자,38,1,0.209,0.083,5.3,36.8,36,5,0,0,2,0,14,12.1,-4.01,-0.4
박주홍,50357,키움,지명타자,172,2,0.302,0.096,12.8,27.9,146,23,6,1,22,4,48,79.8,-4.17,-0.4
전민재,68205,롯데,지명타자,309,8,0.314,0.128,5.8,21.0,281,55,12,0,18,5,65,88.3,-4.33,-0.41
이진영,66657,한화,지명타자,98,2,0.281,0.094,10.2,31.6,85,14,2,0,10,2,31,64.5,-4.18,-0.41
박수종,52305,키움,지명타자,59,0,0.247,0.04,8.5,16.9,50,8,2,0,5,2,10,39.5,-4.28,-0.42
최재영,56338,키움,지명타자,28,0,0.158,0.04,7.1,39.3,25,2,1,0,2,0,11,0.0,-4.18,-0.42
김지석,56326,키움,지명타자,56,1,0.241,0.082,1.8,14.3,49,9,1,0,1,2,8,35.7,-4.32,-0.43
한석현,64101,NC,지명타자,137,2,0.293,0.074,5.1,17.5,122,29,3,0,7,2,24,72.9,-4.46,-0.43
천성호,50054,LG,지명타자,231,1,0.308,0.094,6.1,14.7,212,41,15,1,14,3,34,83.8,-4.49,-0.43
장승현,63202,삼성,지명타자,27,0,0.144,0.0,7.4,33.3,22,2,0,0,2,1,9,0.0,-4.38,-0.44
박찬혁,52348,키움,지명타자,153,3,0.296,0.104,7.8,26.8,134,25,5,0,12,3,41,75.6,-4.48,-0.44
김영웅,52430,삼성,지명타자,75,3,0.26,0.164,2.7,37.3,73,9,3,0,2,0,28,49.2,-4.57,-0.45
하주석,62700,한화,지명타자,97,0,0.274,0.023,7.2,22.7,86,20,2,0,7,2,22,59.6,-4.7,-0.46
심우준,64006,한화,지명타자,275,3,0.31,0.079,9.8,17.1,239,51,10,0,27,3,47,85.3,-4.85,-0.46
도태훈,66965,NC,지명타자,83,0,0.264,0.045,13.3,21.7,66,7,3,0,11,6,18,52.5,-4.73,-0.47
이원석,68700,한화,지명타자,169,1,0.297,0.078,6.5,16.6,153,34,5,2,11,1,28,76.3,-4.8,-0.47
박승욱,62802,롯데,지명타자,129,1,0.287,0.084,5.4,27.9,119,24,5,1,7,1,36,68.6,-4.87,-0.48
장준원,64115,KT,지명타자,63,2,0.24,0.132,7.9,23.8,53,7,1,0,5,0,15,35.1,-4.91,-0.49
박세혁,62244,삼성,지명타자,54,0,0.223,0.02,7.4,24.1,50,9,1,0,4,0,13,22.4,-5.03,-0.5
윤도현,52667,KIA,지명타자,59,2,0.23,0.107,3.4,37.3,56,9,0,0,2,0,22,27.7,-5.12,-0.51
황성빈,50500,롯데,지명타자,270,0,0.307,0.074,7.0,16.3,244,58,6,6,19,1,44,83.0,-5.5,-0.53
오지환,79109,LG,지명타자,287,6,0.307,0.114,10.1,20.2,245,45,10,0,29,4,58,83.6,-5.64,-0.54
임지열,64340,키움,지명타자,94,1,0.261,0.062,11.7,24.5,80,13,2,0,11,1,23,49.9,-5.66,-0.56
김상준,55425,삼성,지명타자,58,0,0.218,0.02,5.2,24.1,51,8,1,0,3,3,14,18.5,-5.67,-0.56
이영빈,51100,LG,지명타자,84,1,0.253,0.066,7.1,26.2,76,14,2,0,6,0,22,44.1,-5.64,-0.56
서호철,69995,NC,지명타자,150,2,0.285,0.086,10.7,19.3,128,23,5,0,16,1,29,67.5,-5.85,-0.57
나승엽,51551,롯데,지명타자,188,5,0.292,0.132,9.6,16.5,167,26,7,0,18,0,31,72.6,-6.17,-0.6
손아섭,77532,두산,지명타자,154,1,0.282,0.043,8.4,17.5,138,32,3,0,13,0,27,64.9,-6.49,-0.64
최재훈,78288,한화,지명타자,112,2,0.261,0.076,8.0,19.6,92,14,1,0,9,7,22,49.6,-6.77,-0.67
오선진,78756,키움,지명타자,77,0,0.228,0.029,6.5,18.2,68,13,2,0,5,0,14,26.1,-6.83,-0.68
이호준,54598,롯데,지명타자,55,0,0.185,0.022,16.4,30.9,46,3,1,0,9,0,17,0.0,-6.96,-0.69
어준서,55392,키움,지명타자,92,0,0.243,0.012,4.3,22.8,84,19,1,0,4,2,21,37.1,-6.94,-0.69
박한결,56304,키움,지명타자,56,0,0.183,0.02,7.1,23.2,51,7,1,0,4,0,13,0.0,-7.15,-0.71
최지훈,50854,SSG,지명타자,358,10,0.306,0.18,6.1,14.0,327,45,17,6,22,3,50,82.9,-7.35,-0.71
이유찬,67207,두산,지명타자,116,1,0.256,0.078,6.0,27.6,103,17,3,1,7,3,32,46.1,-7.51,-0.74
양우현,69403,삼성,지명타자,102,1,0.244,0.083,11.8,22.5,84,9,4,0,12,2,23,37.8,-7.61,-0.75
브룩스,56322,키움,지명타자,181,0,0.278,0.051,11.6,14.9,156,28,8,0,21,1,27,62.2,-8.22,-0.81
장두성,68507,롯데,지명타자,180,0,0.277,0.036,5.0,21.7,166,40,4,1,9,2,39,61.9,-8.22,-0.81
데일,56632,KIA,지명타자,148,1,0.265,0.054,8.8,10.8,130,26,4,0,13,0,16,53.2,-8.31,-0.82
이지영,79456,SSG,지명타자,78,0,0.205,0.044,7.7,7.7,68,9,3,0,6,0,6,9.1,-8.51,-0.84
한유섬,62895,SSG,지명타자,116,0,0.246,0.011,15.5,25.9,95,15,1,0,18,2,30,38.7,-8.53,-0.84
김규성,66614,KIA,지명타자,167,0,0.271,0.069,9.0,20.4,145,27,6,2,15,0,34,57.1,-8.59,-0.85
김선빈,78603,KIA,지명타자,331,1,0.299,0.06,13.0,10.3,283,53,14,0,43,3,34,77.3,-9.01,-0.87
이도윤,65703,한화,지명타자,258,1,0.29,0.08,4.7,15.1,238,50,12,2,12,2,39,70.9,-9.0,-0.88
양석환,64153,두산,지명타자,124,1,0.247,0.065,8.9,27.4,107,17,4,0,11,1,34,39.8,-8.96,-0.89
박지훈,50204,두산,지명타자,226,0,0.282,0.042,9.7,14.2,191,42,4,2,22,4,32,65.3,-9.42,-0.92
최주환,76267,키움,지명타자,295,4,0.293,0.091,11.9,13.6,254,45,9,1,35,1,40,73.0,-9.56,-0.93
오재원,56754,한화,지명타자,141,0,0.252,0.04,9.9,13.5,124,23,3,1,14,0,19,43.6,-9.54,-0.94
정준재,54812,SSG,지명타자,347,1,0.296,0.078,8.4,14.1,296,64,8,6,29,5,49,75.0,-10.41,-1.01
구본혁,69100,LG,지명타자,232,0,0.279,0.015,8.2,11.6,199,52,3,0,19,2,27,62.7,-10.37,-1.02
손성빈,51528,롯데,지명타자,220,2,0.275,0.092,6.8,17.3,196,32,12,0,15,3,38,59.9,-10.59,-1.04
신민재,65207,LG,지명타자,285,0,0.28,0.012,11.2,13.0,244,59,3,0,32,2,37,63.8,-12.37,-1.21
전준우,78513,롯데,지명타자,203,2,0.26,0.064,6.4,15.3,188,36,6,0,13,0,31,49.4,-12.32,-1.22
한승택,63722,KT,지명타자,208,2,0.257,0.076,9.1,23.6,172,29,7,0,19,2,49,47.0,-13.22,-1.3
조형우,51865,SSG,지명타자,220,3,0.259,0.107,5.5,20.0,197,28,12,0,12,3,44,48.3,-13.66,-1.35
박민,50657,KIA,지명타자,195,3,0.248,0.094,7.7,15.9,171,25,5,1,15,2,31,40.4,-13.96,-1.38
권혁빈,55371,키움,지명타자,141,0,0.192,0.023,4.3,24.8,129,19,3,0,6,3,35,0.0,-16.97,-1.69
이강민,56006,KT,지명타자,174,0,0.204,0.012,4.6,25.3,162,30,2,0,8,1,44,8.6,-19.09,-1.89
